country,continent,year,internetuserper100
Albania,Europe,1990,0
Albania,Europe,2000,0.114097347
Albania,Europe,2005,6.043890864
Albania,Europe,2010,45
Albania,Europe,2011,49
Albania,Europe,2012,54.65595904
Albania,Europe,2013,57.2
Albania,Europe,2014,60.1
Albania,Europe,2015,63.2529327
Algeria,Africa,1990,0
Algeria,Africa,2000,0.491705679
Algeria,Africa,2005,5.843942092
Algeria,Africa,2010,12.5
Algeria,Africa,2011,14
Algeria,Africa,2012,15.22802676
Algeria,Africa,2013,16.5
Algeria,Africa,2014,25
Algeria,Africa,2015,38.2
Andorra,Europe,1990,0
Andorra,Europe,2000,10.53883561
Andorra,Europe,2005,37.60576622
Andorra,Europe,2010,81
Andorra,Europe,2011,81
Andorra,Europe,2012,86.43442462
Andorra,Europe,2013,94
Andorra,Europe,2014,95.9
Andorra,Europe,2015,96.91
Angola,Africa,1990,0
Angola,Africa,2000,0.105045562
Angola,Africa,2005,1.143366827
Angola,Africa,2010,2.8
Angola,Africa,2011,3.1
Angola,Africa,2012,6.5
Angola,Africa,2013,8.9
Angola,Africa,2014,10.2
Angola,Africa,2015,12.4
Antigua and Barbuda,North America,1990,0
Antigua and Barbuda,North America,2000,6.482225737
Antigua and Barbuda,North America,2005,27
Antigua and Barbuda,North America,2010,47
Antigua and Barbuda,North America,2011,52
Antigua and Barbuda,North America,2012,58
Antigua and Barbuda,North America,2013,63.4
Antigua and Barbuda,North America,2014,64
Antigua and Barbuda,North America,2015,65.2
Argentina,South America,1990,0
Argentina,South America,2000,7.038683086
Argentina,South America,2005,17.72058337
Argentina,South America,2010,45
Argentina,South America,2011,51
Argentina,South America,2012,55.8
Argentina,South America,2013,59.9
Argentina,South America,2014,64.7
Argentina,South America,2015,69.40092102
Armenia,Asia,1990,0
Armenia,Asia,2000,1.300470022
Armenia,Asia,2005,5.252983352
Armenia,Asia,2010,25
Armenia,Asia,2011,32
Armenia,Asia,2012,37.5
Armenia,Asia,2013,41.9
Armenia,Asia,2014,54.62280586
Armenia,Asia,2015,58.24933222
Australia,Australia,1990,0.585094712
Australia,Australia,2000,46.75611561
Australia,Australia,2005,63
Australia,Australia,2010,76
Australia,Australia,2011,79.48769771
Australia,Australia,2012,79
Australia,Australia,2013,83.45349717
Australia,Australia,2014,84
Australia,Australia,2015,84.56051935
Austria,Europe,1990,0.130369377
Austria,Europe,2000,33.73013295
Austria,Europe,2005,58
Austria,Europe,2010,75.17
Austria,Europe,2011,78.7399931
Austria,Europe,2012,80.02999392
Austria,Europe,2013,80.6188
Austria,Europe,2014,81
Austria,Europe,2015,83.9263
Azerbaijan,Asia,1990,0
Azerbaijan,Asia,2000,0.147757576
Azerbaijan,Asia,2005,8.030375356
Azerbaijan,Asia,2010,46
Azerbaijan,Asia,2011,50
Azerbaijan,Asia,2012,54.2
Azerbaijan,Asia,2013,73.00000137
Azerbaijan,Asia,2014,75.00001564
Azerbaijan,Asia,2015,77
Bahrain,Asia,1990,0
Bahrain,Asia,2000,6.153732546
Bahrain,Asia,2005,21.30373351
Bahrain,Asia,2010,55
Bahrain,Asia,2011,76.9999665
Bahrain,Asia,2012,88
Bahrain,Asia,2013,90.0000397
Bahrain,Asia,2014,90.50313348
Bahrain,Asia,2015,93.47830114
Bangladesh,Asia,1990,0
Bangladesh,Asia,2000,0.071039423
Bangladesh,Asia,2005,0.241637326
Bangladesh,Asia,2010,3.7
Bangladesh,Asia,2011,4.5
Bangladesh,Asia,2012,5
Bangladesh,Asia,2013,6.63
Bangladesh,Asia,2014,13.9
Bangladesh,Asia,2015,14.4
Barbados,North America,1990,0
Barbados,North America,2000,3.973678355
Barbados,North America,2005,52.5
Barbados,North America,2010,65.1
Barbados,North America,2011,66.5
Barbados,North America,2012,71.2
Barbados,North America,2013,71.8
Barbados,North America,2014,75.16
Barbados,North America,2015,76.11
Belgium,Europe,1990,0.00100674
Belgium,Europe,2000,29.43169169
Belgium,Europe,2005,55.82
Belgium,Europe,2010,75
Belgium,Europe,2011,81.609996
Belgium,Europe,2012,80.71999055
Belgium,Europe,2013,82.1702
Belgium,Europe,2014,85
Belgium,Europe,2015,85.0529
Belize,North America,1990,0
Belize,North America,2000,5.963835303
Belize,North America,2005,17
Belize,North America,2010,28.2
Belize,North America,2011,30.7
Belize,North America,2012,31
Belize,North America,2013,33.6
Belize,North America,2014,38.7
Belize,North America,2015,41.59
Benin,Africa,1990,0
Benin,Africa,2000,0.225247851
Benin,Africa,2005,1.271031439
Benin,Africa,2010,3.13
Benin,Africa,2011,4.148323066
Benin,Africa,2012,4.5
Benin,Africa,2013,4.9
Benin,Africa,2014,6
Benin,Africa,2015,6.787702956
Bhutan,Asia,1990,0
Bhutan,Asia,2000,0.400944447
Bhutan,Asia,2005,3.847106745
Bhutan,Asia,2010,13.6
Bhutan,Asia,2011,14.4
Bhutan,Asia,2012,15.6
Bhutan,Asia,2013,22.4
Bhutan,Asia,2014,30.3
Bhutan,Asia,2015,39.8
Bolivia,South America,1990,0
Bolivia,South America,2000,1.442763585
Bolivia,South America,2005,5.227583957
Bolivia,South America,2010,22.4
Bolivia,South America,2011,30
Bolivia,South America,2012,35.34
Bolivia,South America,2013,36.99
Bolivia,South America,2014,34.6
Bolivia,South America,2015,45.1
Bosnia and Herzegovina,Europe,1990,0
Bosnia and Herzegovina,Europe,2000,1.08296075
Bosnia and Herzegovina,Europe,2005,21.326701
Bosnia and Herzegovina,Europe,2010,42.75
Bosnia and Herzegovina,Europe,2011,47.77
Bosnia and Herzegovina,Europe,2012,52.78
Bosnia and Herzegovina,Europe,2013,57.79
Bosnia and Herzegovina,Europe,2014,60.8
Bosnia and Herzegovina,Europe,2015,65.0655028
Botswana,Africa,1990,0
Botswana,Africa,2000,2.902666622
Botswana,Africa,2005,3.262554036
Botswana,Africa,2010,6
Botswana,Africa,2011,8
Botswana,Africa,2012,11.5
Botswana,Africa,2013,15
Botswana,Africa,2014,18.5
Botswana,Africa,2015,27.5
Brazil,South America,1990,0
Brazil,South America,2000,2.870685159
Brazil,South America,2005,21.02274725
Brazil,South America,2010,40.65
Brazil,South America,2011,45.69
Brazil,South America,2012,48.56
Brazil,South America,2013,51.04
Brazil,South America,2014,54.55100188
Brazil,South America,2015,59.07947791
Brunei,Asia,1990,0
Brunei,Asia,2000,8.996284534
Brunei,Asia,2005,36.46639195
Brunei,Asia,2010,53
Brunei,Asia,2011,56
Brunei,Asia,2012,60.27306504
Brunei,Asia,2013,64.5
Brunei,Asia,2014,68.77
Brunei,Asia,2015,71.2
Bulgaria,Europe,1990,0
Bulgaria,Europe,2000,5.370923469
Bulgaria,Europe,2005,19.97
Bulgaria,Europe,2010,46.23
Bulgaria,Europe,2011,47.97999305
Bulgaria,Europe,2012,51.89998767
Bulgaria,Europe,2013,53.0615
Bulgaria,Europe,2014,55.49
Bulgaria,Europe,2015,56.6563
Burkina Faso,Africa,1990,0
Burkina Faso,Africa,2000,0.077080169
Burkina Faso,Africa,2005,0.469914489
Burkina Faso,Africa,2010,2.4
Burkina Faso,Africa,2011,3
Burkina Faso,Africa,2012,3.725034916
Burkina Faso,Africa,2013,9.1
Burkina Faso,Africa,2014,9.4
Burkina Faso,Africa,2015,11.38764617
Burundi,Africa,1990,0
Burundi,Africa,2000,0.077248447
Burundi,Africa,2005,0.542142866
Burundi,Africa,2010,1
Burundi,Africa,2011,1.11
Burundi,Africa,2012,1.219999945
Burundi,Africa,2013,1.264218111
Burundi,Africa,2014,1.38
Burundi,Africa,2015,4.866224464
Cabo Verde,Africa,1990,0
Cabo Verde,Africa,2000,1.822443852
Cabo Verde,Africa,2005,6.074087107
Cabo Verde,Africa,2010,30
Cabo Verde,Africa,2011,32
Cabo Verde,Africa,2012,34.74
Cabo Verde,Africa,2013,37.5
Cabo Verde,Africa,2014,40.26
Cabo Verde,Africa,2015,43.01962636
Cambodia,Asia,1990,0
Cambodia,Asia,2000,0.04702264
Cambodia,Asia,2005,0.317321781
Cambodia,Asia,2010,1.26
Cambodia,Asia,2011,3.1
Cambodia,Asia,2012,4.94
Cambodia,Asia,2013,6.8
Cambodia,Asia,2014,14
Cambodia,Asia,2015,19
Canada,North America,1990,0.360999701
Canada,North America,2000,51.3
Canada,North America,2005,71.66
Canada,North America,2010,80.3
Canada,North America,2011,83
Canada,North America,2012,83
Canada,North America,2013,85.8
Canada,North America,2014,87.12
Canada,North America,2015,88.47
Central African Republic,Africa,1990,0
Central African Republic,Africa,2000,0.053394174
Central African Republic,Africa,2005,0.268195609
Central African Republic,Africa,2010,2
Central African Republic,Africa,2011,2.2
Central African Republic,Africa,2012,3
Central African Republic,Africa,2013,3.5
Central African Republic,Africa,2014,4.03
Central African Republic,Africa,2015,4.563264352
Chad,Africa,1990,0
Chad,Africa,2000,0.035707076
Chad,Africa,2005,0.3992577
Chad,Africa,2010,1.7
Chad,Africa,2011,1.9
Chad,Africa,2012,2.1
Chad,Africa,2013,2.3
Chad,Africa,2014,2.5
Chad,Africa,2015,2.700000001
Chile,South America,1990,0
Chile,South America,2000,16.6
Chile,South America,2005,31.17534703
Chile,South America,2010,45
Chile,South America,2011,52.24960729
Chile,South America,2012,55.05
Chile,South America,2013,58
Chile,South America,2014,61.11
Chile,South America,2015,64.289
China,Asia,1990,0
China,Asia,2000,1.775913207
China,Asia,2005,8.523257003
China,Asia,2010,34.3
China,Asia,2011,38.3
China,Asia,2012,42.30011749
China,Asia,2013,45.8
China,Asia,2014,47.9
China,Asia,2015,50.3
Colombia,South America,1990,0
Colombia,South America,2000,2.207532993
Colombia,South America,2005,11.00726389
Colombia,South America,2010,36.5
Colombia,South America,2011,40.35091575
Colombia,South America,2012,48.98
Colombia,South America,2013,51.7
Colombia,South America,2014,52.57
Colombia,South America,2015,55.90497251
Comoros,Africa,1990,0
Comoros,Africa,2000,0.271740607
Comoros,Africa,2005,2
Comoros,Africa,2010,5.1
Comoros,Africa,2011,5.5
Comoros,Africa,2012,5.975296308
Comoros,Africa,2013,6.5
Comoros,Africa,2014,6.98
Comoros,Africa,2015,7.459161386
Congo,Africa,1990,0
Congo,Africa,2000,0.026354732
Congo,Africa,2005,1.46342006
Congo,Africa,2010,5
Congo,Africa,2011,5.6
Congo,Africa,2012,6.106695024
Congo,Africa,2013,6.6
Congo,Africa,2014,7.11
Congo,Africa,2015,7.615974662
Costa Rica,North America,1990,0
Costa Rica,North America,2000,5.800253023
Costa Rica,North America,2005,22.07
Costa Rica,North America,2010,36.5
Costa Rica,North America,2011,39.212196
Costa Rica,North America,2012,47.5
Costa Rica,North America,2013,45.96
Costa Rica,North America,2014,53
Costa Rica,North America,2015,59.76295014
C?te d'Ivoire,Africa,1990,0
C?te d'Ivoire,Africa,2000,0.231461671
C?te d'Ivoire,Africa,2005,1.039238205
C?te d'Ivoire,Africa,2010,2.7
C?te d'Ivoire,Africa,2011,2.9
C?te d'Ivoire,Africa,2012,5
C?te d'Ivoire,Africa,2013,8.4
C?te d'Ivoire,Africa,2014,14.6
C?te d'Ivoire,Africa,2015,21
Croatia,Europe,1990,0
Croatia,Europe,2000,6.644882544
Croatia,Europe,2005,33.14
Croatia,Europe,2010,56.55
Croatia,Europe,2011,57.78997899
Croatia,Europe,2012,61.93997315
Croatia,Europe,2013,66.7476
Croatia,Europe,2014,68.57
Croatia,Europe,2015,69.8031
Cuba,North America,1990,0
Cuba,North America,2000,0.541182549
Cuba,North America,2005,9.738062208
Cuba,North America,2010,15.9
Cuba,North America,2011,16.0172908
Cuba,North America,2012,21.2
Cuba,North America,2013,27.93
Cuba,North America,2014,29.07018437
Cuba,North America,2015,31.10797021
Cyprus,Europe,1990,0
Cyprus,Europe,2000,15.25539437
Cyprus,Europe,2005,32.81
Cyprus,Europe,2010,52.99
Cyprus,Europe,2011,56.85989235
Cyprus,Europe,2012,60.6898684
Cyprus,Europe,2013,65.4548
Cyprus,Europe,2014,69.33
Cyprus,Europe,2015,71.7159
Czech Republic,Europe,1990,0
Czech Republic,Europe,2000,9.780527888
Czech Republic,Europe,2005,35.27
Czech Republic,Europe,2010,68.82
Czech Republic,Europe,2011,70.49
Czech Republic,Europe,2012,73.43000782
Czech Republic,Europe,2013,74.1104
Czech Republic,Europe,2014,79.71
Czech Republic,Europe,2015,81.2986
Dem. Rep. Congo,Africa,1990,0
Dem. Rep. Congo,Africa,2000,0.005902114
Dem. Rep. Congo,Africa,2005,0.238037799
Dem. Rep. Congo,Africa,2010,0.72
Dem. Rep. Congo,Africa,2011,1.2
Dem. Rep. Congo,Africa,2012,1.679961015
Dem. Rep. Congo,Africa,2013,2.2
Dem. Rep. Congo,Africa,2014,3
Dem. Rep. Congo,Africa,2015,3.799999507
Denmark,Europe,1990,0.097277268
Denmark,Europe,2000,39.17243086
Denmark,Europe,2005,82.74
Denmark,Europe,2010,88.72
Denmark,Europe,2011,89.81001339
Denmark,Europe,2012,92.26001172
Denmark,Europe,2013,94.6297
Denmark,Europe,2014,95.99
Denmark,Europe,2015,96.3305
Djibouti,Africa,1990,0
Djibouti,Africa,2000,0.194500528
Djibouti,Africa,2005,0.953611449
Djibouti,Africa,2010,6.5
Djibouti,Africa,2011,7
Djibouti,Africa,2012,8.267232892
Djibouti,Africa,2013,9.5
Djibouti,Africa,2014,10.71
Djibouti,Africa,2015,11.92243143
Dominica,North America,1990,0
Dominica,North America,2000,8.814844198
Dominica,North America,2005,38.54364326
Dominica,North America,2010,47.45
Dominica,North America,2011,48.6
Dominica,North America,2012,49.8
Dominica,North America,2013,51
Dominica,North America,2014,57.5
Dominica,North America,2015,67.6
Dominican Republic,North America,1990,0
Dominican Republic,North America,2000,3.704692356
Dominican Republic,North America,2005,11.48319778
Dominican Republic,North America,2010,31.4
Dominican Republic,North America,2011,38
Dominican Republic,North America,2012,42.32
Dominican Republic,North America,2013,45.9
Dominican Republic,North America,2014,49.58
Dominican Republic,North America,2015,51.93023274
Ecuador,South America,1990,0
Ecuador,South America,2000,1.462188536
Ecuador,South America,2005,5.994255161
Ecuador,South America,2010,29.03
Ecuador,South America,2011,31.36680836
Ecuador,South America,2012,35.13514645
Ecuador,South America,2013,40.27912194
Ecuador,South America,2014,45.59039067
Ecuador,South America,2015,48.94043379
Egypt,Africa,1990,0
Egypt,Africa,2000,0.641265038
Egypt,Africa,2005,12.75
Egypt,Africa,2010,21.6
Egypt,Africa,2011,25.6
Egypt,Africa,2012,26.4
Egypt,Africa,2013,29.4
Egypt,Africa,2014,33.89460391
Egypt,Africa,2015,35.9
El Salvador,North America,1990,0
El Salvador,North America,2000,1.177397269
El Salvador,North America,2005,4.2
El Salvador,North America,2010,15.9
El Salvador,North America,2011,18.9
El Salvador,North America,2012,20.32138772
El Salvador,North America,2013,23.1093
El Salvador,North America,2014,24.76171215
El Salvador,North America,2015,26.91507533
Equatorial Guinea,Africa,1990,0
Equatorial Guinea,Africa,2000,0.132354665
Equatorial Guinea,Africa,2005,1.149789671
Equatorial Guinea,Africa,2010,6
Equatorial Guinea,Africa,2011,11.5
Equatorial Guinea,Africa,2012,13.94318219
Equatorial Guinea,Africa,2013,16.4
Equatorial Guinea,Africa,2014,18.86
Equatorial Guinea,Africa,2015,21.31999999
Estonia,Europe,1990,0
Estonia,Europe,2000,28.57695381
Estonia,Europe,2005,61.45
Estonia,Europe,2010,74.1
Estonia,Europe,2011,76.5
Estonia,Europe,2012,78.38992593
Estonia,Europe,2013,79.4
Estonia,Europe,2014,84.24
Estonia,Europe,2015,88.4066
Ethiopia,Africa,1990,0
Ethiopia,Africa,2000,0.015263767
Ethiopia,Africa,2005,0.219659819
Ethiopia,Africa,2010,0.75
Ethiopia,Africa,2011,1.1
Ethiopia,Africa,2012,2.9
Ethiopia,Africa,2013,4.6
Ethiopia,Africa,2014,7.7
Ethiopia,Africa,2015,11.6
Fiji,Oceania,1990,0
Fiji,Oceania,2000,1.496854734
Fiji,Oceania,2005,8.453636634
Fiji,Oceania,2010,20
Fiji,Oceania,2011,28
Fiji,Oceania,2012,33.74235675
Fiji,Oceania,2013,37.1
Fiji,Oceania,2014,41.8
Fiji,Oceania,2015,46.32872895
Finland,Europe,1990,0.40108767
Finland,Europe,2000,37.24846174
Finland,Europe,2005,74.48
Finland,Europe,2010,86.89
Finland,Europe,2011,88.70999491
Finland,Europe,2012,89.87999797
Finland,Europe,2013,91.5144
Finland,Europe,2014,92.38
Finland,Europe,2015,92.6513
France,Europe,1990,0.052777862
France,Europe,2000,14.30792394
France,Europe,2005,42.87
France,Europe,2010,77.28
France,Europe,2011,77.81999899
France,Europe,2012,81.44
France,Europe,2013,81.9198
France,Europe,2014,83.75
France,Europe,2015,84.6945
Gabon,Africa,1990,0
Gabon,Africa,2000,1.216140618
Gabon,Africa,2005,4.89326475
Gabon,Africa,2010,7.23
Gabon,Africa,2011,8
Gabon,Africa,2012,8.616714489
Gabon,Africa,2013,9.2
Gabon,Africa,2014,20
Gabon,Africa,2015,23.5
Georgia,Europe,1990,0
Georgia,Europe,2000,0.484746299
Georgia,Europe,2005,6.079457629
Georgia,Europe,2010,26.9
Georgia,Europe,2011,31.52
Georgia,Europe,2012,36.94
Georgia,Europe,2013,43.3
Georgia,Europe,2014,44
Georgia,Europe,2015,45.15837441
Germany,Europe,1990,0.125892223
Germany,Europe,2000,30.2163466
Germany,Europe,2005,68.71
Germany,Europe,2010,82
Germany,Europe,2011,81.26999954
Germany,Europe,2012,82.34999847
Germany,Europe,2013,84.17
Germany,Europe,2014,86.19
Germany,Europe,2015,87.5898
Ghana,Africa,1990,0
Ghana,Africa,2000,0.153615298
Ghana,Africa,2005,1.831197461
Ghana,Africa,2010,7.8
Ghana,Africa,2011,9
Ghana,Africa,2012,10.6
Ghana,Africa,2013,12.3
Ghana,Africa,2014,18.9
Ghana,Africa,2015,23.47812844
Greece,Europe,1990,0
Greece,Europe,2000,9.138837308
Greece,Europe,2005,24
Greece,Europe,2010,44.4
Greece,Europe,2011,51.64999517
Greece,Europe,2012,55.06999344
Greece,Europe,2013,59.8663
Greece,Europe,2014,63.21
Greece,Europe,2015,66.835
Grenada,North America,1990,0
Grenada,North America,2000,4.063907991
Grenada,North America,2005,20.48780488
Grenada,North America,2010,27
Grenada,North America,2011,30
Grenada,North America,2012,32
Grenada,North America,2013,35
Grenada,North America,2014,51.6
Grenada,North America,2015,53.81
Guatemala,North America,1990,0
Guatemala,North America,2000,0.712332905
Guatemala,North America,2005,5.7
Guatemala,North America,2010,10.5
Guatemala,North America,2011,12.3
Guatemala,North America,2012,16
Guatemala,North America,2013,19.7
Guatemala,North America,2014,23.4
Guatemala,North America,2015,27.1
Guinea,Africa,1990,0
Guinea,Africa,2000,0.095424924
Guinea,Africa,2005,0.542254181
Guinea,Africa,2010,1
Guinea,Africa,2011,1.3
Guinea,Africa,2012,1.490144366
Guinea,Africa,2013,1.6
Guinea,Africa,2014,1.72
Guinea,Africa,2015,4.7
Guinea-Bissau,Africa,1990,0
Guinea-Bissau,Africa,2000,0.230103171
Guinea-Bissau,Africa,2005,1.901365316
Guinea-Bissau,Africa,2010,2.45
Guinea-Bissau,Africa,2011,2.672
Guinea-Bissau,Africa,2012,2.893990621
Guinea-Bissau,Africa,2013,3.1
Guinea-Bissau,Africa,2014,3.32
Guinea-Bissau,Africa,2015,3.540706917
Haiti,North America,1990,0
Haiti,North America,2000,0.231270715
Haiti,North America,2005,6.376201635
Haiti,North America,2010,8.37
Haiti,North America,2011,9
Haiti,North America,2012,9.8
Haiti,North America,2013,10.6
Haiti,North America,2014,11.4
Haiti,North America,2015,12.19776638
Honduras,North America,1990,0
Honduras,North America,2000,1.203855999
Honduras,North America,2005,6.5
Honduras,North America,2010,11.09
Honduras,North America,2011,15.9
Honduras,North America,2012,18.12
Honduras,North America,2013,17.8
Honduras,North America,2014,19.08
Honduras,North America,2015,20.35686743
"Hong Kong SAR, China",Asia,1990,0
"Hong Kong SAR, China",Asia,2000,27.82776068
"Hong Kong SAR, China",Asia,2005,56.9
"Hong Kong SAR, China",Asia,2010,72
"Hong Kong SAR, China",Asia,2011,72.2
"Hong Kong SAR, China",Asia,2012,72.9
"Hong Kong SAR, China",Asia,2013,74.2
"Hong Kong SAR, China",Asia,2014,79.86627043
"Hong Kong SAR, China",Asia,2015,84.94835296
Hungary,Europe,1990,0
Hungary,Europe,2000,6.999676351
Hungary,Europe,2005,38.97
Hungary,Europe,2010,65
Hungary,Europe,2011,68.01998789
Hungary,Europe,2012,70.57999815
Hungary,Europe,2013,72.6439
Hungary,Europe,2014,76.13
Hungary,Europe,2015,72.8347
Iceland,Europe,1990,0
Iceland,Europe,2000,44.47053382
Iceland,Europe,2005,87
Iceland,Europe,2010,93.39
Iceland,Europe,2011,94.8196868
Iceland,Europe,2012,96.20979955
Iceland,Europe,2013,96.5468
Iceland,Europe,2014,98.16
Iceland,Europe,2015,98.2
India,Asia,1990,0
India,Asia,2000,0.52753245
India,Asia,2005,2.388075
India,Asia,2010,7.5
India,Asia,2011,10.07
India,Asia,2012,12.58006091
India,Asia,2013,15.1
India,Asia,2014,21
India,Asia,2015,26
Indonesia,Asia,1990,0
Indonesia,Asia,2000,0.925563864
Indonesia,Asia,2005,3.602024763
Indonesia,Asia,2010,10.92
Indonesia,Asia,2011,12.28
Indonesia,Asia,2012,14.52
Indonesia,Asia,2013,14.94
Indonesia,Asia,2014,17.14
Indonesia,Asia,2015,21.97606771
Iran,Asia,1990,0
Iran,Asia,2000,0.93419002
Iran,Asia,2005,8.1
Iran,Asia,2010,15.9
Iran,Asia,2011,19
Iran,Asia,2012,22.73
Iran,Asia,2013,29.95
Iran,Asia,2014,39.35
Iran,Asia,2015,44.08287502
Ireland,Europe,1990,0
Ireland,Europe,2000,17.85046724
Ireland,Europe,2005,41.61
Ireland,Europe,2010,69.85
Ireland,Europe,2011,74.88997297
Ireland,Europe,2012,76.91999254
Ireland,Europe,2013,78.2477
Ireland,Europe,2014,79.69
Ireland,Europe,2015,80.1224
Israel,Asia,1990,0.110773866
Israel,Asia,2000,20.87379
Israel,Asia,2005,25.19404242
Israel,Asia,2010,67.5
Israel,Asia,2011,68.87387799
Israel,Asia,2012,70.8
Israel,Asia,2013,70.25031195
Israel,Asia,2014,75.01775316
Israel,Asia,2015,78.8851791
Italy,Europe,1990,0.017544562
Italy,Europe,2000,23.11087424
Italy,Europe,2005,35
Italy,Europe,2010,53.68
Italy,Europe,2011,54.3899983
Italy,Europe,2012,55.82999799
Italy,Europe,2013,58.4593
Italy,Europe,2014,61.96
Italy,Europe,2015,65.5716
Jamaica,North America,1990,0
Jamaica,North America,2000,3.115778027
Jamaica,North America,2005,12.8
Jamaica,North America,2010,27.67
Jamaica,North America,2011,37.43861341
Jamaica,North America,2012,33.79
Jamaica,North America,2013,37.1
Jamaica,North America,2014,40.4027351
Jamaica,North America,2015,43.17589719
Japan,Asia,1990,0.020293683
Japan,Asia,2000,29.99074036
Japan,Asia,2005,66.9210661
Japan,Asia,2010,78.21
Japan,Asia,2011,79.05411352
Japan,Asia,2012,79.4964
Japan,Asia,2013,88.21942891
Japan,Asia,2014,89.10683302
Japan,Asia,2015,93.32941106
Jordan,Asia,1990,0
Jordan,Asia,2000,2.623275422
Jordan,Asia,2005,12.93285205
Jordan,Asia,2010,27.2
Jordan,Asia,2011,34.9
Jordan,Asia,2012,37
Jordan,Asia,2013,41.4
Jordan,Asia,2014,46.2
Jordan,Asia,2015,53.4
Kazakhstan,Asia,1990,0
Kazakhstan,Asia,2000,0.668594403
Kazakhstan,Asia,2005,2.961707492
Kazakhstan,Asia,2010,31.6
Kazakhstan,Asia,2011,50.6
Kazakhstan,Asia,2012,53.31566912
Kazakhstan,Asia,2013,63
Kazakhstan,Asia,2014,66
Kazakhstan,Asia,2015,72.86601297
Kenya,Africa,1990,0
Kenya,Africa,2000,0.318059714
Kenya,Africa,2005,3.101897702
Kenya,Africa,2010,14
Kenya,Africa,2011,28
Kenya,Africa,2012,32.1
Kenya,Africa,2013,39
Kenya,Africa,2014,43.4
Kenya,Africa,2015,45.62280061
Kiribati,Oceania,1990,0
Kiribati,Oceania,2000,1.785225474
Kiribati,Oceania,2005,4
Kiribati,Oceania,2010,9.07
Kiribati,Oceania,2011,10
Kiribati,Oceania,2012,10.74679768
Kiribati,Oceania,2013,11.5
Kiribati,Oceania,2014,12.25
Kiribati,Oceania,2015,12.99748389
Korea,Asia,1990,0.023265092
Korea,Asia,2000,44.7
Korea,Asia,2005,73.5
Korea,Asia,2010,83.7
Korea,Asia,2011,83.75912015
Korea,Asia,2012,84.07
Korea,Asia,2013,84.77
Korea,Asia,2014,87.87
Korea,Asia,2015,89.8962558
Kuwait,Asia,1990,0
Kuwait,Asia,2000,6.731395768
Kuwait,Asia,2005,25.92610837
Kuwait,Asia,2010,61.4
Kuwait,Asia,2011,65.76907069
Kuwait,Asia,2012,70.45
Kuwait,Asia,2013,75.46
Kuwait,Asia,2014,78.7
Kuwait,Asia,2015,82.07911476
Kyrgyz Republic,Asia,1990,0
Kyrgyz Republic,Asia,2000,1.041401145
Kyrgyz Republic,Asia,2005,10.53380134
Kyrgyz Republic,Asia,2010,16.3
Kyrgyz Republic,Asia,2011,17.5
Kyrgyz Republic,Asia,2012,19.8
Kyrgyz Republic,Asia,2013,23
Kyrgyz Republic,Asia,2014,28.3
Kyrgyz Republic,Asia,2015,30.24704278
Lao PDR,Asia,1990,0
Lao PDR,Asia,2000,0.111044032
Lao PDR,Asia,2005,0.85035749
Lao PDR,Asia,2010,7
Lao PDR,Asia,2011,9
Lao PDR,Asia,2012,10.74767619
Lao PDR,Asia,2013,12.5
Lao PDR,Asia,2014,14.26
Lao PDR,Asia,2015,18.2
Latvia,Europe,1990,0
Latvia,Europe,2000,6.319062083
Latvia,Europe,2005,46
Latvia,Europe,2010,68.42
Latvia,Europe,2011,69.74995456
Latvia,Europe,2012,73.11994377
Latvia,Europe,2013,75.2344
Latvia,Europe,2014,75.83
Latvia,Europe,2015,79.2006
Lebanon,Asia,1990,0
Lebanon,Asia,2000,7.952743736
Lebanon,Asia,2005,10.14
Lebanon,Asia,2010,43.68
Lebanon,Asia,2011,52
Lebanon,Asia,2012,61.24978572
Lebanon,Asia,2013,70.5
Lebanon,Asia,2014,73
Lebanon,Asia,2015,74
Lesotho,Africa,1990,0
Lesotho,Africa,2000,0.21180607
Lesotho,Africa,2005,2.580245484
Lesotho,Africa,2010,3.86
Lesotho,Africa,2011,4.2248
Lesotho,Africa,2012,4.58961763
Lesotho,Africa,2013,5
Lesotho,Africa,2014,11
Lesotho,Africa,2015,16.0717077
Liechtenstein,Europe,1990,0
Liechtenstein,Europe,2000,36.51522989
Liechtenstein,Europe,2005,63.37135615
Liechtenstein,Europe,2010,80
Liechtenstein,Europe,2011,85
Liechtenstein,Europe,2012,89.4077
Liechtenstein,Europe,2013,93.8
Liechtenstein,Europe,2014,95.21
Liechtenstein,Europe,2015,96.6411951
Lithuania,Europe,1990,0
Lithuania,Europe,2000,6.427067495
Lithuania,Europe,2005,36.22
Lithuania,Europe,2010,62.12
Lithuania,Europe,2011,63.6399774
Lithuania,Europe,2012,67.22998933
Lithuania,Europe,2013,68.4529
Lithuania,Europe,2014,72.13
Lithuania,Europe,2015,71.378
Luxembourg,Europe,1990,0
Luxembourg,Europe,2000,22.88732797
Luxembourg,Europe,2005,70
Luxembourg,Europe,2010,90.62
Luxembourg,Europe,2011,90.02985856
Luxembourg,Europe,2012,91.94992374
Luxembourg,Europe,2013,93.7765
Luxembourg,Europe,2014,94.67
Luxembourg,Europe,2015,97.3341
"Macao SAR, China",Asia,1990,0
"Macao SAR, China",Asia,2000,13.60858974
"Macao SAR, China",Asia,2005,34.86292717
"Macao SAR, China",Asia,2010,55.198
"Macao SAR, China",Asia,2011,60.20369672
"Macao SAR, China",Asia,2012,61.31
"Macao SAR, China",Asia,2013,65.8
"Macao SAR, China",Asia,2014,69.78
"Macao SAR, China",Asia,2015,77.60013186
Macedonia,Europe,1990,0
Macedonia,Europe,2000,2.485566316
Macedonia,Europe,2005,26.45
Macedonia,Europe,2010,51.9
Macedonia,Europe,2011,56.7
Macedonia,Europe,2012,57.44994731
Macedonia,Europe,2013,65.24
Macedonia,Europe,2014,68.06
Macedonia,Europe,2015,70.3802
Madagascar,Africa,1990,0
Madagascar,Africa,2000,0.196394691
Madagascar,Africa,2005,0.567721802
Madagascar,Africa,2010,1.7
Madagascar,Africa,2011,1.9
Madagascar,Africa,2012,2.3
Madagascar,Africa,2013,3
Madagascar,Africa,2014,3.7
Madagascar,Africa,2015,4.17397219
Malawi,Africa,1990,0
Malawi,Africa,2000,0.126780945
Malawi,Africa,2005,0.384489334
Malawi,Africa,2010,2.26
Malawi,Africa,2011,3.33
Malawi,Africa,2012,4.3506
Malawi,Africa,2013,5.05
Malawi,Africa,2014,5.83
Malawi,Africa,2015,9.298148347
Malaysia,Asia,1990,0
Malaysia,Asia,2000,21.38473116
Malaysia,Asia,2005,48.62917025
Malaysia,Asia,2010,56.3
Malaysia,Asia,2011,61
Malaysia,Asia,2012,65.8
Malaysia,Asia,2013,57.05751226
Malaysia,Asia,2014,63.66542588
Malaysia,Asia,2015,71.06406781
Maldives,Asia,1990,0
Maldives,Asia,2000,2.203872939
Maldives,Asia,2005,6.869605067
Maldives,Asia,2010,26.53
Maldives,Asia,2011,34
Maldives,Asia,2012,38.9301
Maldives,Asia,2013,44.1
Maldives,Asia,2014,49.28
Maldives,Asia,2015,54.46195515
Mali,Africa,1990,0
Mali,Africa,2000,0.142545755
Mali,Africa,2005,0.507063136
Mali,Africa,2010,2
Mali,Africa,2011,2.2
Mali,Africa,2012,2.8
Mali,Africa,2013,3.5
Mali,Africa,2014,7
Mali,Africa,2015,10.33692498
Malta,Europe,1990,0
Malta,Europe,2000,13.11370871
Malta,Europe,2005,41.24
Malta,Europe,2010,63
Malta,Europe,2011,68.01982379
Malta,Europe,2012,68.19987429
Malta,Europe,2013,68.9138
Malta,Europe,2014,73.17
Malta,Europe,2015,76.184
Marshall Islands,Oceania,1990,0
Marshall Islands,Oceania,2000,1.534271796
Marshall Islands,Oceania,2005,3.878702398
Marshall Islands,Oceania,2010,7
Marshall Islands,Oceania,2011,10
Marshall Islands,Oceania,2012,12.5
Marshall Islands,Oceania,2013,14
Marshall Islands,Oceania,2014,16.8
Marshall Islands,Oceania,2015,19.2824418
Mauritania,Africa,1990,0
Mauritania,Africa,2000,0.192031462
Mauritania,Africa,2005,0.669966475
Mauritania,Africa,2010,4
Mauritania,Africa,2011,4.5
Mauritania,Africa,2012,5
Mauritania,Africa,2013,6.2
Mauritania,Africa,2014,10.7
Mauritania,Africa,2015,15.19912669
Mauritius,Africa,1990,0
Mauritius,Africa,2000,7.281535115
Mauritius,Africa,2005,15.17222875
Mauritius,Africa,2010,28.33
Mauritius,Africa,2011,34.95
Mauritius,Africa,2012,35.42
Mauritius,Africa,2013,40.11682514
Mauritius,Africa,2014,44.80327537
Mauritius,Africa,2015,50.13931848
Mexico,North America,1990,0
Mexico,North America,2000,5.081384153
Mexico,North America,2005,17.21
Mexico,North America,2010,31.05
Mexico,North America,2011,37.17629541
Mexico,North America,2012,39.75
Mexico,North America,2013,43.46
Mexico,North America,2014,44.39
Mexico,North America,2015,57.43104299
Micronesia,Oceania,1990,0
Micronesia,Oceania,2000,3.734862137
Micronesia,Oceania,2005,11.8813691
Micronesia,Oceania,2010,20
Micronesia,Oceania,2011,22.8
Micronesia,Oceania,2012,25.974423
Micronesia,Oceania,2013,27.8
Micronesia,Oceania,2014,29.65
Micronesia,Oceania,2015,31.50108128
Moldova,Europe,1990,0
Moldova,Europe,2000,1.282846417
Moldova,Europe,2005,14.63027046
Moldova,Europe,2010,32.3
Moldova,Europe,2011,38
Moldova,Europe,2012,43.37
Moldova,Europe,2013,45
Moldova,Europe,2014,46.6
Moldova,Europe,2015,49.83693954
Monaco,Europe,1990,0
Monaco,Europe,2000,42.18486345
Monaco,Europe,2005,55.46482606
Monaco,Europe,2010,75
Monaco,Europe,2011,80.3
Monaco,Europe,2012,87
Monaco,Europe,2013,90.7
Monaco,Europe,2014,92.4
Monaco,Europe,2015,93.36330202
Morocco,Africa,1990,0
Morocco,Africa,2000,0.693791245
Morocco,Africa,2005,15.08444452
Morocco,Africa,2010,52
Morocco,Africa,2011,46.1074826
Morocco,Africa,2012,55.41605319
Morocco,Africa,2013,56
Morocco,Africa,2014,56.8
Morocco,Africa,2015,57.08
Mozambique,Africa,1990,0
Mozambique,Africa,2000,0.10959253
Mozambique,Africa,2005,0.854357118
Mozambique,Africa,2010,4.17
Mozambique,Africa,2011,4.3
Mozambique,Africa,2012,4.8491
Mozambique,Africa,2013,5.4
Mozambique,Africa,2014,5.94
Mozambique,Africa,2015,9
Namibia,Africa,1990,0
Namibia,Africa,2000,1.644739547
Namibia,Africa,2005,4.010046644
Namibia,Africa,2010,11.6
Namibia,Africa,2011,12
Namibia,Africa,2012,12.9414
Namibia,Africa,2013,13.9
Namibia,Africa,2014,14.84
Namibia,Africa,2015,22.30701479
Nepal,Asia,1990,0
Nepal,Asia,2000,0.204651684
Nepal,Asia,2005,0.826551266
Nepal,Asia,2010,7.93
Nepal,Asia,2011,9
Nepal,Asia,2012,11.1493
Nepal,Asia,2013,13.3
Nepal,Asia,2014,15.44
Nepal,Asia,2015,17.58161801
Netherlands,Europe,1990,0.334386942
Netherlands,Europe,2000,43.98435137
Netherlands,Europe,2005,81
Netherlands,Europe,2010,90.72
Netherlands,Europe,2011,91.41999576
Netherlands,Europe,2012,92.85999236
Netherlands,Europe,2013,93.9564
Netherlands,Europe,2014,93.17
Netherlands,Europe,2015,93.0965
New Zealand,Oceania,1990,0
New Zealand,Oceania,2000,47.37955654
New Zealand,Oceania,2005,62.72021237
New Zealand,Oceania,2010,80.46
New Zealand,Oceania,2011,81.23
New Zealand,Oceania,2012,82
New Zealand,Oceania,2013,82.78
New Zealand,Oceania,2014,85.5
New Zealand,Oceania,2015,88.22288882
Nicaragua,North America,1990,0
Nicaragua,North America,2000,0.980216487
Nicaragua,North America,2005,2.566351177
Nicaragua,North America,2010,10
Nicaragua,North America,2011,10.6
Nicaragua,North America,2012,13.5
Nicaragua,North America,2013,15.5
Nicaragua,North America,2014,17.6
Nicaragua,North America,2015,19.7042915
Niger,Africa,1990,0
Niger,Africa,2000,0.036261294
Niger,Africa,2005,0.221341351
Niger,Africa,2010,0.83
Niger,Africa,2011,1.3
Niger,Africa,2012,1.4077
Niger,Africa,2013,1.7
Niger,Africa,2014,1.95
Niger,Africa,2015,2.22016535
Nigeria,Africa,1990,0
Nigeria,Africa,2000,0.064080808
Nigeria,Africa,2005,3.549155718
Nigeria,Africa,2010,24
Nigeria,Africa,2011,28.43
Nigeria,Africa,2012,32.8
Nigeria,Africa,2013,38
Nigeria,Africa,2014,42.68
Nigeria,Africa,2015,47.44255029
Norway,Europe,1990,0.707299448
Norway,Europe,2000,52
Norway,Europe,2005,81.99
Norway,Europe,2010,93.39
Norway,Europe,2011,93.48998265
Norway,Europe,2012,94.64997805
Norway,Europe,2013,95.0534
Norway,Europe,2014,96.3
Norway,Europe,2015,96.8103
Oman,Asia,1990,0
Oman,Asia,2000,3.520421417
Oman,Asia,2005,6.68358142
Oman,Asia,2010,35.8278
Oman,Asia,2011,48
Oman,Asia,2012,60
Oman,Asia,2013,66.45
Oman,Asia,2014,70.22
Oman,Asia,2015,74.17416597
Panama,North America,1990,0
Panama,North America,2000,6.554796477
Panama,North America,2005,11.48400928
Panama,North America,2010,40.1
Panama,North America,2011,42.7
Panama,North America,2012,40.30189522
Panama,North America,2013,44.03
Panama,North America,2014,44.92
Panama,North America,2015,51.20542499
Papua New Guinea,Oceania,1990,0
Papua New Guinea,Oceania,2000,0.835249302
Papua New Guinea,Oceania,2005,1.716190476
Papua New Guinea,Oceania,2010,1.28
Papua New Guinea,Oceania,2011,2
Papua New Guinea,Oceania,2012,3.5
Papua New Guinea,Oceania,2013,5.1
Papua New Guinea,Oceania,2014,6.5
Papua New Guinea,Oceania,2015,7.9
Paraguay,South America,1990,0
Paraguay,South America,2000,0.747630712
Paraguay,South America,2005,7.907007861
Paraguay,South America,2010,19.8
Paraguay,South America,2011,24.76351588
Paraguay,South America,2012,29.34
Paraguay,South America,2013,36.9
Paraguay,South America,2014,43
Paraguay,South America,2015,44.38159692
Peru,South America,1990,0
Peru,South America,2000,3.076430611
Peru,South America,2005,17.1
Peru,South America,2010,34.77
Peru,South America,2011,36.01
Peru,South America,2012,38.2
Peru,South America,2013,39.2
Peru,South America,2014,40.2
Peru,South America,2015,40.9
Philippines,Asia,1990,0
Philippines,Asia,2000,1.982253196
Philippines,Asia,2005,5.397636329
Philippines,Asia,2010,25
Philippines,Asia,2011,29
Philippines,Asia,2012,36.2351
Philippines,Asia,2013,37
Philippines,Asia,2014,39.69
Philippines,Asia,2015,40.7
Poland,Europe,1990,0
Poland,Europe,2000,7.285428708
Poland,Europe,2005,38.81
Poland,Europe,2010,62.32
Poland,Europe,2011,61.94999897
Poland,Europe,2012,62.30999727
Poland,Europe,2013,62.8492
Poland,Europe,2014,66.6
Poland,Europe,2015,67.997
Portugal,Europe,1990,0
Portugal,Europe,2000,16.43046769
Portugal,Europe,2005,34.99
Portugal,Europe,2010,53.3
Portugal,Europe,2011,55.24999688
Portugal,Europe,2012,60.33999749
Portugal,Europe,2013,62.0956
Portugal,Europe,2014,64.59
Portugal,Europe,2015,68.6329
Qatar,Asia,1990,0
Qatar,Asia,2000,4.863679179
Qatar,Asia,2005,24.73349378
Qatar,Asia,2010,69
Qatar,Asia,2011,69
Qatar,Asia,2012,69.3
Qatar,Asia,2013,85.3
Qatar,Asia,2014,91.49
Qatar,Asia,2015,92.88482645
Romania,Europe,1990,0
Romania,Europe,2000,3.613717291
Romania,Europe,2005,21.5
Romania,Europe,2010,39.93
Romania,Europe,2011,40.00999678
Romania,Europe,2012,45.87999425
Romania,Europe,2013,49.7645
Romania,Europe,2014,54.08
Romania,Europe,2015,55.7632
Russia,Europe,1990,0
Russia,Europe,2000,1.977230109
Russia,Europe,2005,15.2266732
Russia,Europe,2010,43
Russia,Europe,2011,49
Russia,Europe,2012,63.8
Russia,Europe,2013,67.97
Russia,Europe,2014,70.52
Russia,Europe,2015,73.41
Rwanda,Africa,1990,0
Rwanda,Africa,2000,0.06283146
Rwanda,Africa,2005,0.556041165
Rwanda,Africa,2010,8
Rwanda,Africa,2011,7
Rwanda,Africa,2012,8.023854277
Rwanda,Africa,2013,9
Rwanda,Africa,2014,10.6
Rwanda,Africa,2015,18
Samoa,Oceania,1990,0
Samoa,Oceania,2000,0.566392533
Samoa,Oceania,2005,3.352592112
Samoa,Oceania,2010,7
Samoa,Oceania,2011,11
Samoa,Oceania,2012,12.92249
Samoa,Oceania,2013,15.3
Samoa,Oceania,2014,21.2
Samoa,Oceania,2015,25.40700977
S?o Tom? and Principe,Africa,1990,0
S?o Tom? and Principe,Africa,2000,4.638516816
S?o Tom? and Principe,Africa,2005,13.75948422
S?o Tom? and Principe,Africa,2010,18.75
S?o Tom? and Principe,Africa,2011,20.1612
S?o Tom? and Principe,Africa,2012,21.5724
S?o Tom? and Principe,Africa,2013,23
S?o Tom? and Principe,Africa,2014,24.41
S?o Tom? and Principe,Africa,2015,25.8222488
Saudi Arabia,Asia,1990,0
Saudi Arabia,Asia,2000,2.210691809
Saudi Arabia,Asia,2005,12.70503599
Saudi Arabia,Asia,2010,41
Saudi Arabia,Asia,2011,47.5
Saudi Arabia,Asia,2012,54
Saudi Arabia,Asia,2013,60.5
Saudi Arabia,Asia,2014,64.71365737
Saudi Arabia,Asia,2015,69.6162358
Senegal,Africa,1990,0
Senegal,Africa,2000,0.403967486
Senegal,Africa,2005,4.786684083
Senegal,Africa,2010,8
Senegal,Africa,2011,9.8
Senegal,Africa,2012,10.8
Senegal,Africa,2013,13.1
Senegal,Africa,2014,17.7
Senegal,Africa,2015,21.69026413
Seychelles,Africa,1990,0
Seychelles,Africa,2000,7.395629183
Seychelles,Africa,2005,25.41326815
Seychelles,Africa,2010,41
Seychelles,Africa,2011,43.16400446
Seychelles,Africa,2012,47.076
Seychelles,Africa,2013,50.4
Seychelles,Africa,2014,54.26
Seychelles,Africa,2015,58.11869757
Sierra Leone,Africa,1990,0
Sierra Leone,Africa,2000,0.118254246
Sierra Leone,Africa,2005,0.21539161
Sierra Leone,Africa,2010,0.58
Sierra Leone,Africa,2011,0.9
Sierra Leone,Africa,2012,1.3
Sierra Leone,Africa,2013,1.7
Sierra Leone,Africa,2014,2.1
Sierra Leone,Africa,2015,2.5
Singapore,Asia,1990,0
Singapore,Asia,2000,36
Singapore,Asia,2005,61
Singapore,Asia,2010,71
Singapore,Asia,2011,71
Singapore,Asia,2012,72
Singapore,Asia,2013,80.90205685
Singapore,Asia,2014,79.02923586
Singapore,Asia,2015,82.103
Slovak Republic,Europe,1990,0
Slovak Republic,Europe,2000,9.426803201
Slovak Republic,Europe,2005,55.19
Slovak Republic,Europe,2010,75.71
Slovak Republic,Europe,2011,74.43999717
Slovak Republic,Europe,2012,76.70999012
Slovak Republic,Europe,2013,77.8826
Slovak Republic,Europe,2014,79.98
Slovak Republic,Europe,2015,85.01951406
Slovenia,Europe,1990,0
Slovenia,Europe,2000,15.11025956
Slovenia,Europe,2005,46.81
Slovenia,Europe,2010,70
Slovenia,Europe,2011,67.33999481
Slovenia,Europe,2012,68.34997453
Slovenia,Europe,2013,72.6756
Slovenia,Europe,2014,71.59
Slovenia,Europe,2015,73.0987
Solomon Islands,Oceania,1990,0
Solomon Islands,Oceania,2000,0.481296806
Solomon Islands,Oceania,2005,0.844307573
Solomon Islands,Oceania,2010,5
Solomon Islands,Oceania,2011,6
Solomon Islands,Oceania,2012,6.9974
Solomon Islands,Oceania,2013,8
Solomon Islands,Oceania,2014,9
Solomon Islands,Oceania,2015,10.00046498
South Africa,Africa,1990,0
South Africa,Africa,2000,5.348559732
South Africa,Africa,2005,7.48854253
South Africa,Africa,2010,24
South Africa,Africa,2011,33.97
South Africa,Africa,2012,41
South Africa,Africa,2013,46.5
South Africa,Africa,2014,49
South Africa,Africa,2015,51.91911572
Spain,Europe,1990,0.012873564
Spain,Europe,2000,13.62496081
Spain,Europe,2005,47.88
Spain,Europe,2010,65.8
Spain,Europe,2011,67.6
Spain,Europe,2012,69.80999994
Spain,Europe,2013,71.635
Spain,Europe,2014,76.19
Spain,Europe,2015,78.6896
Sri Lanka,Asia,1990,0
Sri Lanka,Asia,2000,0.647410011
Sri Lanka,Asia,2005,1.792046794
Sri Lanka,Asia,2010,12
Sri Lanka,Asia,2011,15
Sri Lanka,Asia,2012,18.2854
Sri Lanka,Asia,2013,21.9
Sri Lanka,Asia,2014,25.8
Sri Lanka,Asia,2015,29.98873755
St. Kitts and Nevis,North America,1990,0
St. Kitts and Nevis,North America,2000,5.86281024
St. Kitts and Nevis,North America,2005,34
St. Kitts and Nevis,North America,2010,63
St. Kitts and Nevis,North America,2011,63.2
St. Kitts and Nevis,North America,2012,64
St. Kitts and Nevis,North America,2013,64.6
St. Kitts and Nevis,North America,2014,68
St. Kitts and Nevis,North America,2015,75.7
St. Lucia,North America,1990,0
St. Lucia,North America,2000,5.090483341
St. Lucia,North America,2005,21.56758295
St. Lucia,North America,2010,43.3
St. Lucia,North America,2011,44
St. Lucia,North America,2012,45.9
St. Lucia,North America,2013,46.2
St. Lucia,North America,2014,50
St. Lucia,North America,2015,52.35
St. Vincent and the Grenadines,North America,1990,0
St. Vincent and the Grenadines,North America,2000,3.245037411
St. Vincent and the Grenadines,North America,2005,9.198278082
St. Vincent and the Grenadines,North America,2010,33.7
St. Vincent and the Grenadines,North America,2011,36.7
St. Vincent and the Grenadines,North America,2012,40
St. Vincent and the Grenadines,North America,2013,43.5
St. Vincent and the Grenadines,North America,2014,47.4
St. Vincent and the Grenadines,North America,2015,51.77
Sudan,Africa,1990,0
Sudan,Africa,2000,0.025785032
Sudan,Africa,2005,1.292040678
Sudan,Africa,2010,16.7
Sudan,Africa,2011,17.46
Sudan,Africa,2012,21
Sudan,Africa,2013,22.7
Sudan,Africa,2014,24.64
Sudan,Africa,2015,26.61492855
Suriname,South America,1990,0
Suriname,South America,2000,2.506411052
Suriname,South America,2005,6.403086288
Suriname,South America,2010,31.59
Suriname,South America,2011,32
Suriname,South America,2012,34.6812
Suriname,South America,2013,37.4
Suriname,South America,2014,40.08
Suriname,South America,2015,42.76382778
Swaziland,Africa,1990,0
Swaziland,Africa,2000,0.926191777
Swaziland,Africa,2005,3.696961073
Swaziland,Africa,2010,11.04
Swaziland,Africa,2011,18.13
Swaziland,Africa,2012,20.78178258
Swaziland,Africa,2013,24.7
Swaziland,Africa,2014,27.1
Swaziland,Africa,2015,30.38270066
Sweden,Europe,1990,0.584192066
Sweden,Europe,2000,45.68765221
Sweden,Europe,2005,84.83
Sweden,Europe,2010,90
Sweden,Europe,2011,92.76998606
Sweden,Europe,2012,93.17998801
Sweden,Europe,2013,94.7836
Sweden,Europe,2014,92.52
Sweden,Europe,2015,90.6102
Switzerland,Europe,1990,0.595714223
Switzerland,Europe,2000,47.1
Switzerland,Europe,2005,70.1
Switzerland,Europe,2010,83.9
Switzerland,Europe,2011,85.19302818
Switzerland,Europe,2012,85.2
Switzerland,Europe,2013,86.34
Switzerland,Europe,2014,87.4
Switzerland,Europe,2015,87.97
Syrian Arab Republic,Asia,1990,0
Syrian Arab Republic,Asia,2000,0.18169858
Syrian Arab Republic,Asia,2005,5.648106049
Syrian Arab Republic,Asia,2010,20.7
Syrian Arab Republic,Asia,2011,22.5
Syrian Arab Republic,Asia,2012,24.3001
Syrian Arab Republic,Asia,2013,26.2
Syrian Arab Republic,Asia,2014,28.09
Syrian Arab Republic,Asia,2015,29.97979724
Tajikistan,Asia,1990,0
Tajikistan,Asia,2000,0.048599595
Tajikistan,Asia,2005,0.298690024
Tajikistan,Asia,2010,11.55
Tajikistan,Asia,2011,13.03
Tajikistan,Asia,2012,14.51
Tajikistan,Asia,2013,16
Tajikistan,Asia,2014,17.49
Tajikistan,Asia,2015,18.98
Tanzania,Africa,1990,0
Tanzania,Africa,2000,0.11719444
Tanzania,Africa,2005,1.1
Tanzania,Africa,2010,2.9
Tanzania,Africa,2011,3.2
Tanzania,Africa,2012,3.95
Tanzania,Africa,2013,4.4
Tanzania,Africa,2014,4.86
Tanzania,Africa,2015,5.355144064
Thailand,Asia,1990,0
Thailand,Asia,2000,3.689041279
Thailand,Asia,2005,15.02600436
Thailand,Asia,2010,22.4
Thailand,Asia,2011,23.66992562
Thailand,Asia,2012,26.46
Thailand,Asia,2013,28.94
Thailand,Asia,2014,34.89
Thailand,Asia,2015,39.31612674
The Bahamas,North America,1990,0
The Bahamas,North America,2000,8
The Bahamas,North America,2005,25
The Bahamas,North America,2010,43
The Bahamas,North America,2011,65
The Bahamas,North America,2012,71.74820281
The Bahamas,North America,2013,72
The Bahamas,North America,2014,76.92
The Bahamas,North America,2015,78
The Gambia,Africa,1990,0
The Gambia,Africa,2000,0.921794919
The Gambia,Africa,2005,3.799001139
The Gambia,Africa,2010,9.2
The Gambia,Africa,2011,10.8703
The Gambia,Africa,2012,12.44922872
The Gambia,Africa,2013,14
The Gambia,Africa,2014,16.5
The Gambia,Africa,2015,17.1198205
Togo,Africa,1990,0
Togo,Africa,2000,0.8
Togo,Africa,2005,1.8
Togo,Africa,2010,3
Togo,Africa,2011,3.5
Togo,Africa,2012,4
Togo,Africa,2013,4.5
Togo,Africa,2014,5.7
Togo,Africa,2015,7.12
Tonga,Oceania,1990,0
Tonga,Oceania,2000,2.434398044
Tonga,Oceania,2005,4.907782762
Tonga,Oceania,2010,16
Tonga,Oceania,2011,25
Tonga,Oceania,2012,33
Tonga,Oceania,2013,35
Tonga,Oceania,2014,40
Tonga,Oceania,2015,44.99951883
Trinidad and Tobago,South America,1990,0
Trinidad and Tobago,South America,2000,7.721411474
Trinidad and Tobago,South America,2005,28.97671243
Trinidad and Tobago,South America,2010,48.5
Trinidad and Tobago,South America,2011,55.2
Trinidad and Tobago,South America,2012,59.5162
Trinidad and Tobago,South America,2013,63.8
Trinidad and Tobago,South America,2014,65.1
Trinidad and Tobago,South America,2015,69.19847061
Tunisia,Africa,1990,0
Tunisia,Africa,2000,2.750740293
Tunisia,Africa,2005,9.655086542
Tunisia,Africa,2010,36.8
Tunisia,Africa,2011,39.1
Tunisia,Africa,2012,41.4416
Tunisia,Africa,2013,43.8
Tunisia,Africa,2014,46.16
Tunisia,Africa,2015,48.51983599
Turkey,Europe,1990,0
Turkey,Europe,2000,3.761685035
Turkey,Europe,2005,15.46
Turkey,Europe,2010,39.82
Turkey,Europe,2011,43.06571043
Turkey,Europe,2012,45.13
Turkey,Europe,2013,46.25
Turkey,Europe,2014,51.04
Turkey,Europe,2015,53.74497914
Turkmenistan,Asia,1990,0
Turkmenistan,Asia,2000,0.133282183
Turkmenistan,Asia,2005,0.997256559
Turkmenistan,Asia,2010,3
Turkmenistan,Asia,2011,5
Turkmenistan,Asia,2012,7.1958
Turkmenistan,Asia,2013,9.6
Turkmenistan,Asia,2014,12.2
Turkmenistan,Asia,2015,14.99677482
Uganda,Africa,1990,0
Uganda,Africa,2000,0.163714063
Uganda,Africa,2005,1.742205503
Uganda,Africa,2010,12.5
Uganda,Africa,2011,13.01354333
Uganda,Africa,2012,14.6896
Uganda,Africa,2013,16.2
Uganda,Africa,2014,17.71
Uganda,Africa,2015,19.22109963
Ukraine,Europe,1990,0
Ukraine,Europe,2000,0.716183762
Ukraine,Europe,2005,3.749764415
Ukraine,Europe,2010,23.3
Ukraine,Europe,2011,28.70826284
Ukraine,Europe,2012,35.27
Ukraine,Europe,2013,40.954129
Ukraine,Europe,2014,46.23597546
Ukraine,Europe,2015,49.26
United Arab Emirates,Asia,1990,0
United Arab Emirates,Asia,2000,23.62530088
United Arab Emirates,Asia,2005,40
United Arab Emirates,Asia,2010,68
United Arab Emirates,Asia,2011,78
United Arab Emirates,Asia,2012,84.9999915
United Arab Emirates,Asia,2013,88
United Arab Emirates,Asia,2014,90.4
United Arab Emirates,Asia,2015,91.24340578
United Kingdom,Europe,1990,0.087355319
United Kingdom,Europe,2000,26.82175435
United Kingdom,Europe,2005,70
United Kingdom,Europe,2010,85
United Kingdom,Europe,2011,85.37999855
United Kingdom,Europe,2012,87.47999842
United Kingdom,Europe,2013,89.8441
United Kingdom,Europe,2014,91.61
United Kingdom,Europe,2015,92.0003
United States,North America,1990,0.784728502
United States,North America,2000,43.07916264
United States,North America,2005,67.96805292
United States,North America,2010,71.69
United States,North America,2011,69.72946076
United States,North America,2012,74.7
United States,North America,2013,71.4
United States,North America,2014,73
United States,North America,2015,74.55
Uruguay,South America,1990,0
Uruguay,South America,2000,10.53905775
Uruguay,South America,2005,20.08818956
Uruguay,South America,2010,46.4
Uruguay,South America,2011,51.40466106
Uruguay,South America,2012,54.45376868
Uruguay,South America,2013,57.69
Uruguay,South America,2014,61.46
Uruguay,South America,2015,64.6
Uzbekistan,Asia,1990,0
Uzbekistan,Asia,2000,0.484347308
Uzbekistan,Asia,2005,3.343509888
Uzbekistan,Asia,2010,15.9
Uzbekistan,Asia,2011,18.6
Uzbekistan,Asia,2012,23.6
Uzbekistan,Asia,2013,26.8
Uzbekistan,Asia,2014,35.5
Uzbekistan,Asia,2015,42.8
Vanuatu,Oceania,1990,0
Vanuatu,Oceania,2000,2.108336891
Vanuatu,Oceania,2005,5.082333808
Vanuatu,Oceania,2010,8
Vanuatu,Oceania,2011,9.2
Vanuatu,Oceania,2012,10.598
Vanuatu,Oceania,2013,11.3
Vanuatu,Oceania,2014,18.8
Vanuatu,Oceania,2015,22.35140458
Venezuela,South America,1990,0
Venezuela,South America,2000,3.359597465
Venezuela,South America,2005,12.55299791
Venezuela,South America,2010,37.37
Venezuela,South America,2011,40.22
Venezuela,South America,2012,49.05008307
Venezuela,South America,2013,54.9
Venezuela,South America,2014,57
Venezuela,South America,2015,61.86924809
Vietnam,Asia,1990,0
Vietnam,Asia,2000,0.254248276
Vietnam,Asia,2005,12.73992929
Vietnam,Asia,2010,30.65
Vietnam,Asia,2011,35.07
Vietnam,Asia,2012,39.49
Vietnam,Asia,2013,43.9
Vietnam,Asia,2014,48.31
Vietnam,Asia,2015,52.72
West Bank and Gaza,Asia,1990,0
West Bank and Gaza,Asia,2000,1.111306207
West Bank and Gaza,Asia,2005,16.005
West Bank and Gaza,Asia,2010,37.4
West Bank and Gaza,Asia,2011,41.08
West Bank and Gaza,Asia,2012,43.4
West Bank and Gaza,Asia,2013,46.6
West Bank and Gaza,Asia,2014,53.67
West Bank and Gaza,Asia,2015,57.42419241
Yemen,Asia,1990,0
Yemen,Asia,2000,0.082500387
Yemen,Asia,2005,1.048597934
Yemen,Asia,2010,12.35
Yemen,Asia,2011,14.905
Yemen,Asia,2012,17.4465
Yemen,Asia,2013,20
Yemen,Asia,2014,22.55
Yemen,Asia,2015,25.0995144
Zambia,Africa,1990,0
Zambia,Africa,2000,0.191071643
Zambia,Africa,2005,2.851752261
Zambia,Africa,2010,10
Zambia,Africa,2011,11.5
Zambia,Africa,2012,13.4682
Zambia,Africa,2013,15.4
Zambia,Africa,2014,19
Zambia,Africa,2015,21
Zimbabwe,Africa,1990,0
Zimbabwe,Africa,2000,0.401433535
Zimbabwe,Africa,2005,2.4
Zimbabwe,Africa,2010,6.4
Zimbabwe,Africa,2011,8.4
Zimbabwe,Africa,2012,12
Zimbabwe,Africa,2013,15.5
Zimbabwe,Africa,2014,16.3
Zimbabwe,Africa,2015,16.36
